티커,종목,시장
060310,3S,KSQ
095570,AJ네트웍스,STK
006840,AK홀딩스,STK
054620,APS,KSQ
079810,APS이노베이션,KSQ
265520,AP시스템,KSQ
211270,AP위성,KSQ
027410,BGF,STK
282330,BGF리테일,STK
126600,BGF에코머티리얼즈,KSQ
138930,BNK금융지주,STK
001460,BYC,STK
001465,BYC우,STK
083790,CG인바이츠,KSQ
001040,CJ,STK
079160,CJ CGV,STK
035760,CJ ENM,KSQ
311690,CJ 바이오사이언스,KSQ
00104K,CJ4우(전환),STK
000120,CJ대한통운,STK
011150,CJ씨푸드,STK
011155,CJ씨푸드1우,STK
001045,CJ우,STK
097950,CJ제일제당,STK
097955,CJ제일제당 우,STK
051500,CJ프레시웨이,KSQ
058820,CMG제약,KSQ
056730,CNT85,KSQ
000480,CR홀딩스,STK
065770,CS,KSQ
083660,CSA 코스믹,KSQ
000590,CS홀딩스,STK
012030,DB,STK
477760,DB금융스팩12호,KSQ
005830,DB손해보험,STK
016610,DB증권,STK
000990,DB하이텍,STK
099520,DGI,KSQ
000300,DH오토넥스,STK
290120,DH오토리드,KSQ
025440,DH오토웨어,KSQ
001530,DI동일,STK
015590,DKME,STK
000210,DL,STK
000215,DL우,STK
375500,DL이앤씨,STK
37550L,DL이앤씨2우(전환),STK
37550K,DL이앤씨우,STK
068790,DMS,KSQ
007340,DN오토모티브,STK
004840,DRB동일,STK
241520,DSC인베스트먼트,KSQ
155660,DSR,STK
069730,DSR제강,STK
017860,DS단석,STK
180400,DXVX,KSQ
092780,DYP,STK
017940,E1,STK
418620,E8,KSQ
245620,EDGC,KSQ
037370,EG,KSQ
278990,EMB,KNX
365550,ESR켄달스퀘어리츠,STK
050120,ES큐브,KSQ
383220,F&F,STK
007700,F&F홀딩스,STK
214270,FSN,KSQ
032620,GC메디아이,KSQ
130500,GH신소재,KSQ
114090,GKL,STK
019570,GMI벤처,KSQ
900290,GRT,KSQ
078930,GS,STK
083450,GST,KSQ
006360,GS건설,STK
001250,GS글로벌,STK
007070,GS리테일,STK
078935,GS우,STK
499790,GS피앤엘,STK
297890,HB솔루션,KSQ
440290,HB인베스트먼트,KSQ
078150,HB테크놀러지,KSQ
225530,HC보광산업,KSQ
060560,HC홈센타,KSQ
012630,HDC,STK
039570,HDC랩스,STK
089470,HDC현대EP,STK
267270,HD건설기계,STK
009540,HD한국조선해양,STK
267250,HD현대,STK
443060,HD현대마린솔루션,STK
071970,HD현대마린엔진,STK
322000,HD현대에너지솔루션,STK
267260,HD현대일렉트릭,STK
329180,HD현대중공업,STK
376270,HEM파마,KSQ
097230,HJ중공업,STK
195940,HK이노엔,KSQ
014790,HL D&I,STK
028300,HLB,KSQ
003580,HLB글로벌,STK
278650,HLB바이오스텝,KSQ
067630,HLB생명과학,KSQ
024850,HLB이노베이션,KSQ
187420,HLB제넥스,KSQ
047920,HLB제약,KSQ
115450,HLB테라퓨틱스,KSQ
046210,HLB파나진,KSQ
196300,HLB펩,KSQ
204320,HL만도,STK
060980,HL홀딩스,STK
011200,HMM,STK
403870,HPSP,KSQ
036640,HRS,KSQ
035000,HS애드,STK
002460,HS화성,STK
487570,HS효성,STK
298050,HS효성첨단소재,STK
469480,IBKS제24호스팩,KSQ
0099X0,IBKS제25호스팩,KSQ
015360,INVENI,STK
294870,IPARK현대산업개발,STK
095340,ISC,KSQ
175330,JB금융지주,STK
950170,JTC,KSQ
234080,JW생명과학,STK
067290,JW신약,KSQ
001060,JW중외제약,STK
001067,JW중외제약2우B,STK
001065,JW중외제약우,STK
096760,JW홀딩스,STK
035900,JYP Ent.,KSQ
318000,KBG,KSQ
008970,KBI동양철관,STK
024840,KBI메탈,KSQ
105560,KB금융,STK
415640,KB발해인프라,STK
432320,KB스타리츠,STK
024120,KB오토시스,KSQ
478390,KB제29호스팩,KSQ
486630,KB제30호스팩,KSQ
492220,KB제31호스팩,KSQ
0037T0,KB제32호스팩,KSQ
0072Z0,KB제33호스팩,KSQ
002380,KCC,STK
021320,KCC건설,KSQ
344820,KCC글라스,STK
009070,KCTC,STK
009440,KC그린홀딩스,STK
112190,KC산업,KNX
119650,KC코트렐,STK
044180,KD,KSQ
092220,KEC,STK
003620,KG모빌리티,STK
016380,KG스틸,STK
151860,KG에코솔루션,KSQ
035600,KG이니시스,KSQ
001390,KG케미칼,STK
046440,KG파이낸셜,KSQ
060720,KH바텍,KSQ
001940,KISCO홀딩스,STK
058400,KNN,KSQ
025000,KPX케미칼,STK
092230,KPX홀딩스,STK
000040,KR모터스,STK
044450,KSS해운,STK
101000,KS인더스트리,KSQ
030200,KT,STK
033780,KT&G,STK
058850,KTcs,STK
058860,KTis,STK
089600,KT나스미디어,KSQ
418470,KT밀리의서재,KSQ
043610,KT지니뮤직,KSQ
122450,KX,KSQ
052900,KX하이텍,KSQ
036560,KZ정밀,KSQ
061970,LB세미콘,KSQ
309960,LB인베스트먼트,KSQ
093050,LF,STK
003550,LG,STK
034220,LG디스플레이,STK
051900,LG생활건강,STK
051905,LG생활건강우,STK
064400,LG씨엔에스,STK
373220,LG에너지솔루션,STK
003555,LG우,STK
032640,LG유플러스,STK
011070,LG이노텍,STK
066570,LG전자,STK
066575,LG전자우,STK
037560,LG헬로비전,STK
051910,LG화학,STK
051915,LG화학우,STK
079550,LIG디펜스앤에어로스페이스,STK
073490,LIG아큐버,KSQ
225190,LK삼양,KSQ
006260,LS,STK
010120,LS ELECTRIC,STK
091970,LSK아이로봇,KSQ
000680,LS네트웍스,STK
060370,LS마린솔루션,KSQ
417200,LS머트리얼즈,KSQ
229640,LS에코에너지,STK
078020,LS증권,KSQ
322180,LS티라유텍,KSQ
108320,LX세미콘,STK
001120,LX인터내셔널,STK
108670,LX하우시스,STK
108675,LX하우시스우,STK
383800,LX홀딩스,STK
38380K,LX홀딩스1우,STK
476080,M83,KSQ
009810,MDS스피어,STK
086960,MDS테크,KSQ
023150,MH에탄올,STK
123010,MSDI,KSQ
035420,NAVER,STK
036570,NC,STK
160550,NEW,KSQ
053290,NE능률,KSQ
181710,NHN,STK
060250,NHN KCP,KSQ
104200,NHN벅스,KSQ
054050,NH농우바이오,KSQ
400760,NH올원리츠,STK
005940,NH투자증권,STK
005945,NH투자증권우,STK
338100,NH프라임리츠,STK
034310,NICE,STK
063570,NICE인프라,KSQ
030190,NICE평가정보,STK
008260,NI스틸,STK
004250,NPC,STK
004255,NPC우,STK
456040,OCI,STK
010060,OCI홀딩스,STK
178920,PI첨단소재,STK
001340,PKC,STK
024940,PN풍년,KSQ
005490,POSCO홀딩스,STK
332570,PS일렉트로닉스,KSQ
218410,RFHIC,KSQ
327260,RF머트리얼즈,KSQ
474610,RF시스템즈,KSQ
091340,S&K폴리텍,KSQ
010950,S-Oil,STK
010955,S-Oil우,STK
419530,SAMG엔터,KSQ
019550,SBI인베스트먼트,KSQ
034120,SBS,STK
003080,SB성보,STK
246960,SCL사이언스,KSQ
099220,SDN,KSQ
056190,SFA,KSQ
222080,SFA넥셀,KSQ
036540,SFA반도체,KSQ
255220,SG,KSQ
040610,SG&G,KSQ
184230,SGA솔루션즈,KSQ
016250,SGC E&C,KSQ
005090,SGC에너지,STK
001380,SG글로벌,STK
004060,SG세계물산,STK
001770,SHD,STK
002360,SH에너지화학,STK
009160,SIMPAC,STK
033530,SJG세종,STK
123700,SJM,STK
025530,SJM홀딩스,STK
034730,SK,STK
357880,SKAI,KSQ
011790,SKC,STK
018670,SK가스,STK
001740,SK네트웍스,STK
006120,SK디스커버리,STK
006125,SK디스커버리우,STK
210980,SK디앤디,STK
395400,SK리츠,STK
302440,SK바이오사이언스,STK
326030,SK바이오팜,STK
402340,SK스퀘어,STK
260870,SK시그넷,KNX
361610,SK아이이테크놀로지,STK
100090,SK오션플랜트,STK
03473K,SK우,STK
096770,SK이노베이션,STK
096775,SK이노베이션우,STK
475150,SK이터닉스,STK
001510,SK증권,STK
001515,SK증권우,STK
285130,SK케미칼,STK
28513K,SK케미칼우,STK
017670,SK텔레콤,STK
000660,SK하이닉스,STK
048550,SM C&C,KSQ
063440,SM Life Design,KSQ
003570,SNT다이내믹스,STK
064960,SNT모티브,STK
100840,SNT에너지,STK
036530,SNT홀딩스,STK
067160,SOOP,KSQ
000390,SP삼화,STK
011810,STX,STK
465770,STX그린로지스,STK
077970,STX엔진,STK
002820,SUN&L,STK
289080,SV인베스트먼트,KSQ
002170,SYTS,STK
041930,SY동아,KSQ
084870,TBH글로벌,STK
002710,TCC스틸,STK
089230,THE E&M,KSQ
032540,TJ미디어,KSQ
069260,TKG휴켐스,STK
007980,TP,STK
048770,TPC로보틱스,KSQ
246690,TS인베스트먼트,KSQ
317240,TS트릴리온,KSQ
002900,TYM,STK
024070,WISCOM,STK
057030,YBM넷,KSQ
037270,YG PLUS,STK
040300,YTN,KSQ
051390,YW,KSQ
052220,iMBC,KSQ
139130,iM금융지주,STK
079940,가비아,KSQ
078890,가온그룹,KSQ
000500,가온전선,STK
399720,가온칩스,KSQ
296520,가이아코퍼레이션,KNX
036620,감성코퍼레이션,KSQ
000860,강남제비스코,STK
198440,강동씨앤엘,KSQ
217730,강스템바이오텍,KSQ
035250,강원랜드,STK
114190,강원에너지,KSQ
094480,갤럭시아머니트리,KSQ
011420,갤럭시아에스엠,STK
039240,경남스틸,KSQ
053950,경남제약,KSQ
002100,경농,STK
009450,경동나비엔,STK
267290,경동도시가스,STK
012320,경동인베스트,STK
011040,경동제약,KSQ
000050,경방,STK
214390,경보제약,STK
012610,경인양행,STK
009140,경인전자,STK
024910,경창산업,KSQ
013580,계룡건설,STK
012200,계양전기,STK
012205,계양전기우,STK
002140,고려산업,STK
049720,고려신용정보,KSQ
010130,고려아연,STK
002240,고려제강,STK
014570,고려제약,KSQ
348150,고바이오랩,KSQ
950190,고스트스튜디오,KSQ
098460,고영,KSQ
035290,골드앤에스,KSQ
215000,골프존,KSQ
121440,골프존홀딩스,KSQ
009290,광동제약,STK
086220,광동헬스바이오,KNX
017040,광명전기,STK
029480,광무,KSQ
017900,광전자,STK
037710,광주신세계,STK
026910,광진실업,KSQ
465320,교보15호스팩,KSQ
482520,교보16호스팩,KSQ
489210,교보17호스팩,KSQ
0041B0,교보18호스팩,KSQ
0098T0,교보19호스팩,KSQ
0132G0,교보20호스팩,KSQ
030610,교보증권,STK
339770,교촌에프앤비,STK
053270,구영테크,KSQ
007690,국도화학,STK
066620,국보디자인,KSQ
043650,국순당,KSQ
006050,국영지앤엠,KSQ
060480,국일신동,KSQ
078130,국일제지,KSQ
307750,국전,KSQ
002720,국제약품,STK
035080,그래디언트,KSQ
318060,그래피,KSQ
453450,그리드위즈,KSQ
204020,그리티,KSQ
0015G0,그린광학,KSQ
402490,그린리소스,KSQ
114450,그린생명과학,KSQ
083420,그린케미칼,STK
186230,그린플러스,KSQ
014530,극동유화,STK
900070,글로벌에스엠,KSQ
204620,글로벌텍스프리,KSQ
019660,글로본,KSQ
014280,금강공업,STK
014285,금강공업우,STK
053260,금강철강,KSQ
008870,금비,STK
001570,금양,STK
282720,금양그린파워,KSQ
002990,금호건설,STK
002995,금호건설우,STK
011780,금호석유화학,STK
011785,금호석유화학우,STK
214330,금호에이치티,STK
001210,금호전기,STK
073240,금호타이어,STK
036190,금화피에스시,KSQ
049080,기가레인,KSQ
420770,기가비스,KSQ
282620,기도산업,KSQ
035460,기산텔레콤,KSQ
092440,기신정기,STK
000270,기아,STK
024110,기업은행,STK
013700,까뮤이앤씨,STK
004540,깨끗한나라,STK
004545,깨끗한나라우,STK
407400,꿈비,KSQ
187790,나노,KSQ
238540,나노솔루션,KNX
121600,나노신소재,KSQ
286750,나노실리칸첨단소재,KSQ
247660,나노씨엠에스,KSQ
039860,나노엔텍,KSQ
417010,나노팀,KSQ
244880,나눔테크,KNX
405920,나라셀라,KSQ
478340,나라스페이스테크놀로지,KSQ
051490,나라엠앤디,KSQ
137080,나래나노텍,KSQ
190510,나무가,KSQ
242040,나무에이엑스,KSQ
293580,나우IB,KSQ
459510,나우로보틱스,KSQ
138610,나이벡,KSQ
130580,나이스디앤비,KSQ
036800,나이스정보통신,KSQ
366030,나인앤컴퍼니,KSQ
267320,나인테크,KSQ
001260,남광토건,STK
008350,남선알미늄,STK
008355,남선알미우,STK
004270,남성,STK
003920,남양유업,STK
003925,남양유업우,STK
025860,남해화학,STK
111710,남화산업,KSQ
091590,남화토건,KSQ
168330,내츄럴엔도텍,KSQ
094860,네오리진,KSQ
0218L0,네오뷰,KSQ
253590,네오셈,KSQ
212560,네오오토,KSQ
095660,네오위즈,KSQ
042420,네오위즈홀딩스,KSQ
950220,네오이뮨텍,KSQ
311390,네오크레마,KSQ
085910,네오티스,KSQ
092730,네오팜,KSQ
153460,네이블,KSQ
007390,네이처셀,KSQ
033640,네패스,KSQ
330860,네패스아크,KSQ
351320,넥사다이내믹스,KSQ
005720,넥센,STK
005725,넥센우,STK
002350,넥센타이어,STK
002355,넥센타이어1우B,STK
089140,넥스턴앤롤코리아,KSQ
389650,넥스트바이오메디컬,KSQ
137940,넥스트아이,KSQ
396270,넥스트칩,KSQ
348210,넥스틴,KSQ
092790,넥스틸,STK
225570,넥슨게임즈,KSQ
205500,넥써쓰,KSQ
217270,넵튠,KSQ
251270,넷마블,STK
317860,노드메이슨,KNX
104620,노랑풍선,KSQ
090350,노루페인트,STK
090355,노루페인트우,STK
000320,노루홀딩스,STK
000325,노루홀딩스우,STK
473980,노머스,KSQ
194700,노바렉스,KSQ
285490,노바텍,KSQ
145170,노브랜드,KSQ
229500,노브메타파마,KNX
376930,노을,KSQ
486990,노타,KSQ
006280,녹십자,STK
142280,녹십자엠에스,KSQ
234690,녹십자웰빙,KSQ
005250,녹십자홀딩스,STK
005257,녹십자홀딩스2우,STK
004370,농심,STK
072710,농심홀딩스,STK
069140,누리플랜,KSQ
040160,누리플렉스,KSQ
332290,누보,KSQ
348340,뉴로메카,KSQ
380550,뉴로핏,KSQ
060260,뉴보텍,KSQ
463020,뉴엔AI,KSQ
123840,뉴온,KSQ
012340,뉴인텍,KSQ
462310,뉴키즈온,KSQ
270870,뉴트리,KSQ
144960,뉴파워프라즈마,KSQ
085670,뉴프렉스,KSQ
417030,니어스랩,KSQ
064260,다날,KSQ
340360,다보링크,KSQ
039560,다산네트웍스,KSQ
208860,다산디엠씨,KSQ
154040,다산솔루에타,KSQ
058730,다스코,STK
030210,다올투자증권,STK
023590,다우기술,STK
032190,다우데이타,KSQ
323350,다원넥스뷰,KSQ
068240,다원시스,KSQ
145210,다이나믹디자인,STK
290660,다이나믹솔루션,KSQ
483650,달바글로벌,STK
464580,닷밀,KSQ
019680,대교,STK
019685,대교우B,STK
006370,대구백화점,STK
008060,대덕,STK
00806K,대덕1우,STK
353200,대덕전자,STK
35320K,대덕전자1우,STK
000490,대동,STK
178600,대동고려삼,KNX
020400,대동금속,KSQ
008830,대동기어,KSQ
048470,대동스틸,KSQ
004780,대륙제관,KSQ
005750,대림바스,STK
017650,대림제지,KSQ
006570,대림통상,STK
389260,대명에너지,KSQ
317850,대모,KSQ
290670,대보마그네틱,KSQ
078140,대봉엘에스,KSQ
065150,대산F&B,KSQ
001680,대상,STK
001685,대상우,STK
084690,대상홀딩스,STK
084695,대상홀딩스우,STK
036480,대성미생물,KSQ
128820,대성산업,STK
117580,대성에너지,STK
027830,대성창투,KSQ
129920,대성하이텍,KSQ
016710,대성홀딩스,STK
471050,대신밸런스제17호스팩,KSQ
482690,대신밸런스제19호스팩,KSQ
0134X0,대신밸런스제20호스팩,KSQ
0030R0,대신밸류리츠,STK
020180,대신정보통신,KSQ
003540,대신증권,STK
003547,대신증권2우B,STK
003545,대신증권우,STK
045390,대아티아이,KSQ
009190,대양금속,STK
108380,대양전기공업,KSQ
014160,대영포장,STK
047040,대우건설,STK
003090,대웅,STK
069620,대웅제약,STK
007680,대원,KSQ
000430,대원강업,STK
048910,대원미디어,KSQ
005710,대원산업,KSQ
006340,대원전선,STK
006345,대원전선우,STK
003220,대원제약,STK
024890,대원화성,STK
120240,대정화금,KSQ
003310,대주산업,KSQ
114920,대주이엔티,KNX
078600,대주전자재료,KSQ
393970,대진첨단소재,KSQ
012800,대창,STK
015230,대창단조,STK
096350,대창솔루션,KSQ
140520,대창스틸,KSQ
131220,대한과학,KSQ
010170,대한광통신,KSQ
054670,대한뉴팜,KSQ
001070,대한방직,STK
023910,대한약품,KSQ
006650,대한유화,STK
001440,대한전선,STK
084010,대한제강,STK
001790,대한제당,STK
001795,대한제당우,STK
001130,대한제분,STK
439260,대한조선,STK
003490,대한항공,STK
003495,대한항공우,STK
005880,대한해운,STK
003830,대한화섬,STK
016090,대현,STK
069460,대호에이엘,STK
021040,대호특수강,KSQ
021045,대호특수강우,KSQ
067080,대화제약,KSQ
298540,더네이쳐홀딩스,KSQ
032860,더라미,KSQ
475560,더본코리아,STK
192080,더블유게임즈,STK
393890,더블유씨피,KSQ
299170,더블유에스아이,KSQ
462860,더즌,KSQ
224060,더코디,KSQ
302920,더콘텐츠온,KNX
403850,더핑크퐁컴퍼니,KSQ
213420,덕산네오룩스,KSQ
317330,덕산테코피아,KSQ
077360,덕산하이메탈,KSQ
004830,덕성,STK
004835,덕성우,STK
090410,덕신이피씨,KSQ
0001A0,덕양에너젠,KSQ
263600,덕우전자,KSQ
194480,데브시스터즈,KSQ
373160,데이원컴퍼니,KSQ
263800,데이타솔루션,KSQ
199150,데이터스트림즈,KNX
206560,덱스터,KSQ
261200,덴티스,KSQ
145720,덴티움,STK
227420,도부,KNX
484120,도우인시스,KSQ
067990,도이치모터스,KSQ
002150,도화엔지니어링,STK
006620,동구바이오제약,KSQ
100130,동국S&C,KSQ
005160,동국산업,KSQ
303810,동국생명과학,KSQ
460850,동국씨엠,STK
075970,동국알앤에스,KSQ
460860,동국제강,STK
086450,동국제약,KSQ
001230,동국홀딩스,STK
023450,동남합성,STK
004140,동방,STK
240550,동방메디컬,KSQ
099410,동방선기,KSQ
007590,동방아그로,STK
005960,동부건설,STK
005965,동부건설우,STK
026960,동서,STK
002210,동성제약,STK
102260,동성케미컬,STK
033500,동성화인텍,KSQ
025950,동신건설,KSQ
000640,동아쏘시오홀딩스,STK
170900,동아에스티,STK
088130,동아엘텍,KSQ
028100,동아지질,STK
001520,동양,STK
001527,동양2우B,STK
084670,동양고속,STK
082640,동양생명,STK
060380,동양에스텍,KSQ
001525,동양우,STK
079960,동양이엔피,KSQ
228340,동양파일,KSQ
088910,동우팜투테이블,KSQ
094170,동운아나텍,KSQ
013120,동원개발,KSQ
018500,동원모빌리티,STK
006040,동원산업,STK
030720,동원수산,STK
014820,동원시스템즈,STK
014825,동원시스템즈우,STK
111380,동인기연,STK
163560,동일고무벨트,STK
109860,동일금속,KSQ
032960,동일기연,KSQ
004890,동일산업,STK
023790,동일스틸럭스,KSQ
002690,동일제강,STK
005290,동진쎄미켐,KSQ
025900,동화기업,KSQ
000020,동화약품,STK
000150,두산,STK
000157,두산2우B,STK
454910,두산로보틱스,STK
241560,두산밥캣,STK
034020,두산에너빌리티,STK
000155,두산우,STK
131970,두산테스나,KSQ
336260,두산퓨얼셀,STK
33626K,두산퓨얼셀1우,STK
33626L,두산퓨얼셀2우B,STK
016740,두올,STK
073190,듀오백,KSQ
176750,듀켐바이오,KSQ
030350,드래곤플라이,KSQ
203650,드림시큐리티,KSQ
223250,드림씨아이에스,KSQ
060570,드림어스컴퍼니,KSQ
362990,드림인사이트,KSQ
192650,드림텍,STK
016670,디모아,KSQ
187870,디바이스,KSQ
489730,디비금융제13호스팩,KSQ
0004Y0,디비금융제14호스팩,KSQ
024090,디씨엠,STK
003160,디아이,STK
092200,디아이씨,STK
110990,디아이티,KSQ
263690,디알젬,KSQ
214680,디알텍,KSQ
347850,디앤디파마텍,KSQ
377190,디앤디플랫폼리츠,STK
263720,디앤씨미디어,KSQ
376300,디어유,KSQ
104040,디에스엠,KSQ
109740,디에스케이,KSQ
031860,디에이치엑스컴퍼니,KSQ
196490,디에이테크놀로지,KSQ
066900,디에이피,KSQ
092070,디엔에프,KSQ
039840,디오,KSQ
013570,디와이,STK
024900,디와이덕양,STK
219550,디와이디,KSQ
310870,디와이씨,KSQ
002880,디와이에이,STK
210540,디와이파워,STK
104460,디와이피엔에프,KSQ
113810,디젠스,KSQ
043360,디지아이,KSQ
197140,디지캡,KSQ
068930,디지털대성,KSQ
033130,디지틀조선,KSQ
105740,디케이락,KSQ
263020,디케이앤디,KSQ
290550,디케이티,KSQ
066670,디티씨,KSQ
187220,디티앤씨,KSQ
383930,디티앤씨알오,KSQ
131180,딜리,KSQ
483350,딜리셔스,KSQ
315640,딥노이드,KSQ
900110,딥커머스,KSQ
317120,라닉스,KSQ
462510,라메디텍,KSQ
232680,라온로보틱스,KSQ
042510,라온시큐어,KSQ
418420,라온텍,KSQ
300120,라온피플,KSQ
171120,라이온켐텍,KSQ
388790,라이콤,KSQ
214260,라파스,KSQ
403360,라피치,KNX
171010,램테크놀러지,KSQ
084650,랩지노믹스,KSQ
217500,러셀,KSQ
092590,럭스피아,KNX
266170,레드우즈,KNX
038390,레드캡투어,KSQ
387690,레메디,KSQ
294140,레몬,KSQ
365660,레몬헬스케어,KSQ
443250,레뷰코퍼레이션,KSQ
228670,레이,KSQ
228850,레이언스,KSQ
412350,레이저쎌,KSQ
199550,레이저옵텍,KSQ
281740,레이크머티리얼즈,KSQ
277810,레인보우로보틱스,KSQ
215100,로보로보,KSQ
090360,로보스타,KSQ
108490,로보티즈,KSQ
900260,로스웰,KSQ
033290,로젠,KSQ
223220,로지스몬,KNX
067730,로지시스,KSQ
071280,로체시스템즈,KSQ
376900,로킷헬스케어,KSQ
214610,롤링스톤,KSQ
032350,롯데관광개발,STK
089860,롯데렌탈,STK
330590,롯데리츠,STK
000400,롯데손해보험,STK
023530,롯데쇼핑,STK
020150,롯데에너지머티리얼즈,STK
280360,롯데웰푸드,STK
286940,롯데이노베이트,STK
004000,롯데정밀화학,STK
004990,롯데지주,STK
00499K,롯데지주우,STK
005300,롯데칠성,STK
005305,롯데칠성우,STK
011170,롯데케미칼,STK
071840,롯데하이마트,STK
328130,루닛,KSQ
038060,루멘스,KSQ
474170,루미르,KSQ
162120,루켄테크놀러지스,KNX
195990,루트K,KSQ
253610,루트락,KNX
141080,리가켐바이오,KSQ
058470,리노공업,KSQ
016100,리더스코스메틱,KSQ
012700,리드코프,KSQ
302550,리메드,KSQ
491000,리브스메드,KSQ
394420,리센스메디컬,KSQ
073570,리튬포어스,KSQ
377450,리파인,KSQ
277070,린드먼아시아,KSQ
042500,링네트,KSQ
193250,링크드,KSQ
474650,링크솔루션,KSQ
219420,링크제니시스,KSQ
439090,마녀공장,KSQ
027740,마니커,STK
195500,마니커에프앤지,KSQ
357430,마스턴프리미어리츠,STK
377480,마음AI,KSQ
305090,마이크로디지탈,KSQ
448780,마이크로엔엑스,KNX
098120,마이크로컨텍솔,KSQ
424980,마이크로투나노,KSQ
038290,마크로젠,KSQ
477850,마키나락스,KSQ
001080,만호제강,STK
0039P0,매드업,KSQ
267980,매일유업,KSQ
005990,매일홀딩스,KSQ
093520,매커스,KSQ
088980,맥쿼리인프라,STK
094800,맵스리얼티,STK
179720,머니무브,KNX
100590,머큐리,KSQ
067280,멀티캠퍼스,KSQ
072870,메가스터디,KSQ
215200,메가스터디교육,KSQ
133750,메가엠디,KSQ
446540,메가터치,KSQ
235980,메드팩토,KSQ
200580,메디쎄이,KNX
041920,메디아나,KSQ
233250,메디안디노스틱,KNX
014100,메디앙스,KSQ
236340,메디젠휴먼케어,KNX
054180,메디콕스,KSQ
086900,메디톡스,KSQ
078160,메디포스트,KSQ
138040,메리츠금융지주,STK
0088D0,메리츠제1호스팩,KSQ
0165X0,메리츠제2호스팩,KSQ
408920,메쎄이상,KSQ
021880,메이슨캐피탈,KSQ
0088M0,메쥬,KSQ
140410,메지온,KSQ
241770,메카로,KSQ
090370,메타랩스,STK
059210,메타바이오메드,KSQ
118000,메타케어,STK
058110,멕아이씨에스,KSQ
072770,멤레이비티,KSQ
017180,명문제약,STK
009900,명신산업,STK
317450,명인제약,STK
012690,모나리자,STK
005360,모나미,STK
070960,모나용평,STK
434480,모니터랩,KSQ
080420,모다이노칩,KSQ
417970,모델솔루션,KSQ
080160,모두투어,KSQ
087260,모바일어플라이언스,KSQ
101330,모베이스,KSQ
012860,모베이스전자,KSQ
363260,모비데이즈,KSQ
348030,모비릭스,KSQ
250060,모비스,KSQ
288980,모아데이타,KSQ
142760,모아라이프플러스,KSQ
033200,모아텍,KSQ
009680,모토닉,STK
118990,모트렉스,KSQ
463480,모티브링크,KSQ
006920,모헨즈,KSQ
009580,무림P&P,STK
001810,무림SP,KSQ
009200,무림페이퍼,STK
322970,무진메디,KNX
033920,무학,STK
008420,문배철강,STK
279600,미디어젠,KSQ
095500,미래나노텍,KSQ
254490,미래반도체,KSQ
025560,미래산업,STK
218150,미래생명자원,KSQ
007120,미래아이앤지,STK
396690,미래에셋글로벌리츠,STK
357250,미래에셋맵스리츠,STK
100790,미래에셋벤처투자,KSQ
0097F0,미래에셋비전스팩10호,KSQ
0099W0,미래에셋비전스팩11호,KSQ
477380,미래에셋비전스팩4호,KSQ
477470,미래에셋비전스팩5호,KSQ
478440,미래에셋비전스팩6호,KSQ
482680,미래에셋비전스팩7호,KSQ
0093G0,미래에셋비전스팩8호,KSQ
0096D0,미래에셋비전스팩9호,KSQ
085620,미래에셋생명,STK
006800,미래에셋증권,STK
00680K,미래에셋증권2우B,STK
006805,미래에셋증권우,STK
208890,미래엔에듀파트너,KNX
049950,미래컴퍼니,KSQ
207760,미스터블루,KSQ
081660,미스토홀딩스,STK
002840,미원상사,STK
268280,미원에스씨,STK
107590,미원홀딩스,STK
134380,미원화학,STK
351020,미쥬,KNX
003650,미창석유,STK
059090,미코,KSQ
201490,미투온,KSQ
475460,미트박스,KSQ
452200,민테크,KSQ
206640,바디텍메드,KSQ
035620,바른손이앤에이,KSQ
354390,바스칸바이오제약,KNX
053030,바이넥스,KSQ
301300,바이브컴퍼니,KSQ
377740,바이오노트,STK
064550,바이오니아,KSQ
314930,바이오다인,KSQ
489460,바이오비쥬,KSQ
086820,바이오솔루션,KSQ
038460,바이오스마트,KSQ
251120,바이오에프디엔씨,KSQ
199730,바이오인프라,KSQ
266470,바이오인프라생명과학,KNX
289170,바이오텐,KNX
086040,바이오톡스텍,KSQ
188040,바이오포트,KSQ
199290,바이오프로테크,KNX
099430,바이오플러스,KSQ
308080,바이젠셀,KSQ
043150,바텍,KSQ
323990,박셀바이오,KSQ
003610,방림,STK
267790,배럴,KSQ
046310,백금T&A,KSQ
035150,백산,STK
331520,밸로프,KSQ
199480,뱅크웨어글로벌,KSQ
438700,버넥트,KSQ
066410,버킷스튜디오,KSQ
002410,범양건영,STK
382900,범한퓨얼셀,KSQ
206400,베노티앤알,KSQ
019010,베뉴지,KSQ
177350,베셀,KSQ
457600,벡트,KSQ
424760,벨로크,KSQ
007210,벽산,STK
250000,보라티알,KSQ
002760,보락,STK
003850,보령,STK
310210,보로노이,KSQ
006910,보성파워텍,KSQ
0010F0,보원케미칼,KSQ
000890,보해양조,STK
226340,본느,KSQ
496320,본시스템즈,KNX
206950,볼빅,KNX
003000,부광약품,STK
001270,부국증권,STK
001275,부국증권우,STK
026940,부국철강,STK
014470,부방,KSQ
011390,부산산업,STK
005030,부산주공,STK
008470,부스타,KSQ
338220,뷰노,KSQ
100120,뷰웍스,KSQ
406820,뷰티스킨,KSQ
099390,브레인즈컴퍼니,KSQ
064480,브리지텍,KSQ
365900,브이씨,KSQ
089970,브이엠,KSQ
251630,브이원텍,KSQ
018290,브이티,KSQ
478560,블랙야크아이앤씨,KSQ
006740,블루산업개발,STK
439580,블루엠텍,KSQ
033560,블루콤,KSQ
191600,블루탑,KNX
369370,블리츠웨이엔터테인먼트,KSQ
126340,비나텍,KSQ
121800,비덴트,KSQ
082800,비보존 제약,KSQ
318410,비비씨,KSQ
002070,비비안,STK
100220,비상교육,STK
419540,비스토스,KSQ
146320,비씨엔씨,KSQ
200780,비씨월드제약,KSQ
413640,비아이매트릭스,KSQ
141000,비아트론,KSQ
090460,비에이치,STK
083650,비에이치아이,KSQ
0068Y0,비엔케이제3호스팩,KSQ
065170,비엘팜텍,KSQ
086670,비엠티,KSQ
488900,비츠로넥스텍,KSQ
082920,비츠로셀,KSQ
054220,비츠로시스,KSQ
042370,비츠로테크,KSQ
050090,비케이홀딩스,KSQ
148780,비큐AI,KSQ
307870,비투엔,KSQ
377030,비트맥스,KSQ
032850,비트컴퓨터,KSQ
049470,비트플래닛,KSQ
238200,비피도,KSQ
093190,빅솔론,KSQ
065450,빅텍,KSQ
044480,빌리언스,KSQ
005180,빙그레,STK
069540,빛과전자,KSQ
072950,빛샘전자,KSQ
451250,삐아,KSQ
143240,사람인,KSQ
466410,사이냅소프트,KSQ
003960,사조대림,STK
008040,사조동아원,STK
007160,사조산업,STK
014710,사조씨푸드,STK
006090,사조오양,STK
223310,사토시홀딩스,KSQ
452430,사피엔반도체,KSQ
419120,산돌,KSQ
062040,산일전기,STK
122350,삼기,KSQ
419050,삼기에너지솔루션즈,KSQ
014970,삼륭물산,KSQ
005610,삼립,STK
018310,삼목에스폼,KSQ
012210,삼미금속,KSQ
053700,삼보모터스,KSQ
009620,삼보산업,KSQ
023600,삼보판지,KSQ
001470,삼부토건,STK
028050,삼성E&A,STK
448730,삼성FN리츠,STK
006400,삼성SDI,STK
006405,삼성SDI우,STK
006660,삼성공조,STK
028260,삼성물산,STK
02826K,삼성물산우B,STK
207940,삼성바이오로직스,STK
032830,삼성생명,STK
0044K0,삼성스팩10호,KSQ
0071M0,삼성스팩11호,KSQ
0096B0,삼성스팩12호,KSQ
0115H0,삼성스팩13호,KSQ
018260,삼성에스디에스,STK
0126Z0,삼성에피스홀딩스,STK
009150,삼성전기,STK
009155,삼성전기우,STK
005930,삼성전자,STK
005935,삼성전자우,STK
001360,삼성제약,STK
010140,삼성중공업,STK
016360,삼성증권,STK
068290,삼성출판사,STK
029780,삼성카드,STK
000810,삼성화재,STK
000815,삼성화재우,STK
006110,삼아알미늄,STK
009300,삼아제약,KSQ
0120G0,삼양바이오팜,STK
145990,삼양사,STK
145995,삼양사우,STK
003230,삼양식품,STK
482630,삼양엔씨켐,KSQ
484590,삼양컴텍,KSQ
036670,삼양케이씨아이,KSQ
272550,삼양패키징,STK
000070,삼양홀딩스,STK
003720,삼영,STK
002810,삼영무역,STK
361670,삼영에스앤씨,KSQ
054540,삼영엠텍,KSQ
065570,삼영이엔씨,KSQ
005680,삼영전자,STK
023000,삼원강재,STK
004380,삼익THK,STK
002450,삼익악기,STK
014950,삼익제약,KSQ
032280,삼일,KSQ
002290,삼일기업공사,KSQ
004440,삼일씨엔에스,STK
000520,삼일제약,STK
009770,삼정펄프,STK
037460,삼지전자,KSQ
032750,삼진,KSQ
0013V0,삼진식품,KSQ
054090,삼진엘앤디,KSQ
005500,삼진제약,STK
000250,삼천당제약,KSQ
004690,삼천리,STK
024950,삼천리자전거,KSQ
038500,삼표시멘트,KSQ
437730,삼현,KSQ
017480,삼현철강,KSQ
010960,삼호개발,STK
046390,삼화네트웍스,KSQ
004450,삼화왕관,STK
009470,삼화전기,STK
011230,삼화전자,STK
001820,삼화콘덴서,STK
027580,상보,KSQ
038540,상상인,KSQ
001290,상상인증권,STK
041650,상신브레이크,STK
091580,상신이디피,KSQ
263810,상신전자,KSQ
089980,상아프론테크,KSQ
042940,상지건설,KSQ
042600,새로닉스,KSQ
075180,새론오토모티브,STK
107600,새빗켐,KSQ
411080,샌즈랩,KSQ
252990,샘씨엔에스,KSQ
007540,샘표,STK
248170,샘표식품,STK
378800,샤페론,KSQ
294630,서남,KSQ
038070,서린바이오,KSQ
006730,서부T&D,KSQ
079650,서산,KSQ
100660,서암기계공업,KSQ
007860,서연,STK
200880,서연이화,STK
019770,서연탑메탈,KSQ
017390,서울가스,STK
092190,서울바이오시스,KSQ
046890,서울반도체,KSQ
031210,서울보증보험,STK
004410,서울식품,STK
004415,서울식품우,STK
063170,서울옥션,KSQ
027040,서울전자통신,KSQ
018680,서울제약,KSQ
036120,서울평가정보,KSQ
021050,서원,STK
093920,서원인텍,KSQ
189860,서전기전,KSQ
178320,서진시스템,KSQ
122690,서진오토모티브,KSQ
140070,서플러스글로벌,KSQ
011370,서한,KSQ
065710,서호전기,KSQ
008490,서흥,STK
035890,서희건설,KSQ
357550,석경에이티,KSQ
003100,선광,KSQ
007610,선도전기,STK
067370,선바이오,KSQ
171090,선익시스템,KSQ
136490,선진,STK
086710,선진뷰티사이언스,KSQ
014620,성광벤드,KSQ
037350,성도이엔지,KSQ
014910,성문전자,STK
014915,성문전자우,STK
004980,성신양회,STK
004985,성신양회우,STK
458650,성우,KSQ
081580,성우전자,KSQ
045300,성우테크론,KSQ
015750,성우하이텍,KSQ
340930,성원에너텍,KSQ
365340,성일하이텍,KSQ
000180,성창기업지주,STK
080470,성창오토텍,KSQ
043260,성호전자,KSQ
148150,세경하이테크,KSQ
002420,세기상사,STK
061090,세나테크놀로지,KSQ
188260,세니젠,KSQ
053060,세동,KSQ
340440,세림B&G,KSQ
017510,세명전기,KSQ
0017J0,세미티에스,KSQ
490470,세미파이브,KSQ
004360,세방,STK
004365,세방우,STK
004490,세방전지,STK
011560,세보엠이씨,KSQ
267080,세븐브로이맥주,KNX
396300,세아메카닉스,KSQ
001430,세아베스틸지주,STK
306200,세아제강,STK
003030,세아제강지주,STK
058650,세아홀딩스,STK
013000,세우글로벌,STK
100700,세운메디칼,KSQ
024830,세원물산,KSQ
021820,세원정공,STK
067830,세이브존I&C,STK
258830,세종메디칼,KSQ
036630,세종텔레콤,KSQ
039310,세중,KSQ
075580,세진중공업,STK
067770,세진티에스,KSQ
053450,세코닉스,KSQ
252500,세화피앤씨,KSQ
321370,센서뷰,KSQ
347000,센코,KSQ
331920,셀레믹스,KSQ
352770,셀레스트라,KSQ
471820,셀로맥스사이언스,KSQ
049180,셀루메드,KSQ
299660,셀리드,KSQ
108860,셀바스AI,KSQ
208370,셀바스헬스케어,KSQ
318160,셀바이오휴먼텍,KSQ
308430,셀비온,KSQ
068270,셀트리온,STK
068760,셀트리온제약,KSQ
068940,셀피글로벌,KSQ
007720,소노스퀘어,KSQ
950200,소마젠,KSQ
032680,소프트센,KSQ
032685,소프트센우,KSQ
258790,소프트캠프,KSQ
066910,손오공,KSQ
215090,솔디펜스,KSQ
238500,솔루믹스,KNX
336370,솔루스첨단소재,STK
33637K,솔루스첨단소재1우,STK
33637L,솔루스첨단소재2우B,STK
248070,솔루엠,STK
035610,솔본,KSQ
357780,솔브레인,KSQ
036830,솔브레인홀딩스,KSQ
304100,솔트룩스,KSQ
328380,솔트웨어,KSQ
0203K0,송우인포텍,KNX
004430,송원산업,STK
086980,쇼박스,KSQ
017550,수산세보틱스,STK
050960,수산아이앤티,KSQ
126720,수산인더스트리,STK
084180,수성웹툰,KSQ
253840,수젠텍,KSQ
185190,수프로,KNX
298830,슈어소프트테크,KSQ
236200,슈프리마,KSQ
094840,슈프리마에이치큐,KSQ
192440,슈피겐코리아,KSQ
424960,스마트레이더시스템,KSQ
099440,스맥,KSQ
066590,스모트로닉,KSQ
053210,스카이라이프,STK
276040,스코넥,KSQ
115570,스타플렉스,KSQ
330730,스톤브릿지벤처스,KSQ
352090,스톰테크,KSQ
253450,스튜디오드래곤,KSQ
408900,스튜디오미르,KSQ
415380,스튜디오삼익,KSQ
475040,스트라드비젼,KSQ
026890,스틱인베스트먼트,STK
013810,스페코,KSQ
347700,스피어,KSQ
049830,승일,KSQ
020710,시공테크,KSQ
033170,시그네틱스,KSQ
048870,시너지이노베이션,KSQ
025320,시노펙스,KSQ
134790,시디즈,STK
340810,시선AI,KSQ
056090,시지메드텍,KSQ
429270,시지트로닉스,KSQ
418250,시큐레터,KSQ
131090,시큐브,KSQ
462870,시프트업,STK
016590,신대양제지,STK
290520,신도기연,KSQ
029530,신도리코,STK
004970,신라교역,STK
001000,신라섬유,KSQ
025870,신라에스지,KSQ
215600,신라젠,KSQ
065350,신성델타테크,KSQ
416180,신성에스티,KSQ
011930,신성이엔지,STK
004170,신세계,STK
035510,신세계 I&C,STK
031430,신세계인터내셔날,STK
006880,신송홀딩스,STK
162300,신스틸,KSQ
002800,신신제약,KSQ
472220,신영스팩10호,KSQ
0091W0,신영스팩11호,KSQ
005800,신영와코루,STK
001720,신영증권,STK
009270,신원,STK
017000,신원종합개발,KSQ
002700,신일전자,STK
012790,신일제약,KSQ
138070,신진에스엠,KSQ
226330,신테카바이오,KSQ
002870,신풍,STK
019170,신풍제약,STK
019175,신풍제약우,STK
481850,신한글로벌액티브리츠,STK
404990,신한서부티엔디리츠,STK
293940,신한알파리츠,STK
474660,신한제12호스팩,KSQ
474930,신한제13호스팩,KSQ
487360,신한제14호스팩,KSQ
487830,신한제15호스팩,KSQ
496070,신한제16호스팩,KSQ
0130D0,신한제17호스팩,KSQ
0129K0,신한제18호스팩,KSQ
055550,신한지주,STK
056700,신화인터텍,KSQ
187270,신화콘텍,KSQ
095190,신화프리텍,KSQ
004080,신흥,STK
243840,신흥에스이씨,KSQ
257720,실리콘투,KSQ
222800,심텍,KSQ
036710,심텍홀딩스,KSQ
444530,심플랫폼,KSQ
234030,싸이닉솔루션,KSQ
160980,싸이맥스,KSQ
356890,싸이버원,KSQ
217330,싸이토젠,KSQ
004770,써니전자,STK
217320,썬테크,KNX
208640,썸에이지,KSQ
222420,쎄노텍,KSQ
037760,쎄니트,KSQ
081180,쎄크,KSQ
099320,쎄트렉아이,KSQ
049960,쎌바이오텍,KSQ
088280,쏘닉스,KSQ
403550,쏘카,STK
050890,쏠리드,KSQ
394800,쓰리빌리언,KSQ
177900,쓰리에이로직스,KSQ
475400,씨메스로보틱스,KSQ
109670,씨싸이트,KSQ
066790,씨씨에스,KSQ
004920,씨아이테크,STK
236030,씨알푸드,KNX
103660,씨앗,KNX
352480,씨앤씨인터내셔널,KSQ
245450,씨앤에스링크,KNX
264660,씨앤지하이테크,KSQ
352700,씨앤투스,KSQ
458870,씨어스,KSQ
297090,씨에스베어링,KSQ
112610,씨에스윈드,STK
900120,씨엑스아이,KSQ
359090,씨엔알리서치,KSQ
115530,씨엔플러스,KSQ
388210,씨엠티엑스,KSQ
115480,씨유메디칼,KSQ
376290,씨유테크,KSQ
189330,씨이랩,KSQ
096530,씨젠,KSQ
480370,씨케이솔루션,STK
101240,씨큐브,KSQ
060590,씨티씨바이오,KSQ
308170,씨티알모빌리티,STK
260930,씨티케이,KSQ
413630,씨피시스템,KSQ
013990,아가방컴퍼니,KSQ
175140,아고스,KSQ
123860,아나패스,KSQ
025980,아난티,KSQ
008700,아남전자,STK
0015N0,아로마티카,KSQ
261780,아리바이오랩,KSQ
290690,아리바이오홀딩스,KSQ
125210,아모그린텍,KSQ
090430,아모레퍼시픽,STK
090435,아모레퍼시픽우,STK
002790,아모레퍼시픽홀딩스,STK
00279K,아모레퍼시픽홀딩스3우C,STK
002795,아모레퍼시픽홀딩스우,STK
357580,아모센스,KSQ
052710,아모텍,KSQ
074430,아미노로직스,KSQ
092040,아미코젠,KSQ
083930,아바코,KSQ
149950,아바텍,KSQ
036010,아비코전자,KSQ
002030,아세아,STK
183190,아세아시멘트,STK
002310,아세아제지,STK
050860,아세아텍,KSQ
012170,아센디오,STK
136410,아셈스,KSQ
246720,아스타,KSQ
450950,아스테라시스,KSQ
067390,아스트,KSQ
159010,아스플로,KSQ
127710,아시아경제,KSQ
267850,아시아나IDT,STK
020560,아시아나항공,STK
154030,아시아종묘,KSQ
227610,아우딘퓨쳐스,KSQ
331740,아우토크립트,KSQ
143160,아이디스,KSQ
054800,아이디스홀딩스,KSQ
332370,아이디피,KSQ
066430,아이로보틱스,KSQ
122900,아이마켓코리아,STK
339950,아이비김영,KSQ
469750,아이비젼웍스,KSQ
460470,아이빔테크놀로지,KSQ
099190,아이센스,KSQ
461300,아이스크림미디어,KSQ
289010,아이스크림에듀,KSQ
214430,아이쓰리시스템,KSQ
040910,아이씨디,KSQ
368600,아이씨에이치,KSQ
456010,아이씨티케이,KSQ
052860,아이앤씨,KSQ
464500,아이언디바이스,KSQ
010780,아이에스동서,STK
212710,아이에스티이,KSQ
038880,아이에이,KSQ
307180,아이엘,KSQ
403810,아이엘로보틱스,KNX
493280,아이엠바이오로직스,KSQ
461030,아이엠비디엑스,KSQ
456570,아이엠지티,KNX
451220,아이엠티,KSQ
447690,아이오바이오,KNX
078860,아이오케이이엔엠,KSQ
090150,아이윈,KSQ
031310,아이즈비전,KSQ
462980,아이지넷,KSQ
185490,아이진,KSQ
059100,아이컴포넌트,KSQ
149010,아이케이세미콘,KNX
262840,아이퀘스트,KSQ
175250,아이큐어,KSQ
052460,아이크래프트,KSQ
119830,아이텍,KSQ
052770,아이톡시,KSQ
124500,아이티센글로벌,KSQ
031820,아이티센씨티에스,STK
010280,아이티센엔텍,KSQ
243870,아이티센코어,KNX
232830,아이티센피엔에스,KSQ
372800,아이티아이즈,KSQ
084850,아이티엠반도체,KSQ
309710,아이티켐,KSQ
114840,아이패밀리에스씨,KSQ
027360,아주IB투자,KSQ
139990,아주스틸,STK
032080,아즈텍WB,KSQ
013310,아진산업,KSQ
059120,아진엑스텍,KSQ
009320,아진전자부품,STK
0007C0,아크릴,KSQ
158430,아톤,KSQ
297570,아틀라스링크,KSQ
200350,아티스트스튜디오,KSQ
321820,아티스트컴퍼니,KSQ
102950,아하,KNX
001540,안국약품,KSQ
053800,안랩,KSQ
251280,안지오랩,KNX
065660,안트로젠,KSQ
001780,알루코,STK
260660,알리코제약,KSQ
354320,알멕,KSQ
361570,알비더블유,KSQ
131370,알서포트,KSQ
140670,알에스오토메이션,KSQ
096610,알에프세미,KSQ
061040,알에프텍,KSQ
148250,알엔투테크놀로지,KSQ
476830,알지노믹스,KSQ
347860,알체라,KSQ
196170,알테오젠,KSQ
123750,알톤,KSQ
459550,알트,KSQ
085810,알티캐스트,KSQ
043100,알파AI,KSQ
117670,알파칩스,KSQ
314140,알피바이오,KSQ
293780,압타바이오,KSQ
018250,애경산업,STK
161000,애경케미칼,STK
390110,애니메디솔루션,KNX
310200,애니플러스,KSQ
179530,애드바이오텍,KSQ
397810,애드포러스,KSQ
0011A0,액스비스,KSQ
052790,액토즈소프트,KSQ
290740,액트로,KSQ
238090,앤디포스,KSQ
138360,앤로보틱스,KSQ
092600,앤씨앤,KSQ
129890,앱코,KSQ
174900,앱클론,KSQ
109960,앱토크롬,KSQ
270520,앱튼,KSQ
255440,야스,KSQ
030960,양지사,KSQ
102120,어보브반도체,KSQ
238120,얼라인드,KSQ
224810,엄지하우스,KNX
019990,에너토크,KSQ
011090,에넥스,STK
435570,에르코스,KSQ
270660,에브리봇,KSQ
038680,에스넷,KSQ
137310,에스디바이오센서,STK
217480,에스디생명공학,KSQ
121890,에스디시스템,KSQ
304360,에스바이오메딕스,KSQ
389500,에스비비테크,KSQ
042110,에스씨디,KSQ
065420,에스아이리소스,KSQ
270210,에스알바이오텍,KNX
103230,에스앤더블류,KSQ
260970,에스앤디,KSQ
101490,에스앤에스텍,KSQ
095910,에스에너지,KSQ
275630,에스에스알,KSQ
031330,에스에이엠티,KSQ
060540,에스에이티,KSQ
0008Z0,에스엔시스,KSQ
005850,에스엘,STK
246250,에스엘에스바이오,KSQ
041510,에스엠,KSQ
010580,에스엠벡셀,STK
460870,에스엠씨지,KSQ
464080,에스오에스랩,KSQ
109610,에스와이,KSQ
365330,에스와이스틸텍,KSQ
012750,에스원,STK
306040,에스제이그룹,KSQ
217910,에스제이켐,KNX
398120,에스지헬스케어,KSQ
472230,에스케이증권제11호스팩,KSQ
473000,에스케이증권제12호스팩,KSQ
473950,에스케이증권제13호스팩,KSQ
475660,에스켐,KSQ
096630,에스코넥,KSQ
0070X0,에스테크엠,KNX
069510,에스텍,KSQ
488280,에스투더블유,KSQ
234300,에스트래픽,KSQ
039440,에스티아이,KSQ
098660,에스티오,KSQ
052020,에스티큐브,KSQ
237690,에스티팜,KSQ
458350,에스팀,KSQ
050760,에스폴리텍,KSQ
288620,에스프리즘,KSQ
443670,에스피소프트,KSQ
317830,에스피시스템스,KSQ
058610,에스피지,KSQ
043340,에쎈테크,KSQ
023960,에쓰씨엔지니어링,STK
163280,에어레인,KSQ
298690,에어부산,STK
200710,에이디테크놀로지,KSQ
475580,에이럭스,KSQ
096690,에이루트,KSQ
078520,에이블씨엔씨,STK
298380,에이비엘바이오,KSQ
203400,에이비온,KSQ
003800,에이스침대,KSQ
088800,에이스테크,KSQ
241840,에이스토리,KSQ
364950,에이아이코리아,KSQ
453860,에이에스텍,KSQ
312610,에이에프더블류,KSQ
015260,에이엔피,STK
172670,에이엘티,KSQ
234070,에이원큐브텍,KNX
481070,에이유브랜즈,KSQ
060900,에이전트AI,KSQ
445090,에이직랜드,KSQ
295310,에이치브이엠,KSQ
072990,에이치시티,KSQ
044990,에이치엔에스하이텍,KSQ
239610,에이치엘사이언스,KSQ
0156T0,에이치엘지노믹스,KSQ
036170,에이치엠넥스,KSQ
477340,에이치엠씨제7호스팩,KSQ
148930,에이치와이티씨,KSQ
044780,에이치케이,KSQ
357230,에이치피오,KSQ
355690,에이텀,KSQ
071670,에이테크솔루션,KSQ
045660,에이텍,KSQ
224110,에이텍모빌리티,KSQ
021080,에이티넘인베스트,KSQ
200470,에이팩트,KSQ
207490,에이펙스인텍,KNX
262260,에이프로,KSQ
007460,에이프로젠,STK
003060,에이프로젠바이오로직스,STK
397030,에이프릴바이오,KSQ
244920,에이플러스에셋,STK
278470,에이피알,STK
0009K0,에임드바이오,KSQ
230240,에치에프알,KSQ
159910,에코글로우,KSQ
097780,에코볼트,KSQ
038870,에코심플렉스,KSQ
448280,에코아이,KSQ
101360,에코앤드림,KSQ
128540,에코캡,KSQ
086520,에코프로,KSQ
450080,에코프로머티,STK
247540,에코프로비엠,KSQ
383310,에코프로에이치엔,KSQ
038110,에코플라스틱,KSQ
073540,에프알텍,KSQ
064850,에프앤가이드,KSQ
036810,에프에스티,KSQ
173940,에프엔씨엔터,KSQ
083500,에프엔에스테크,KSQ
446440,에피바이오텍,KNX
317530,에피소드컴퍼니,KSQ
054940,엑사이엔씨,KSQ
950130,엑세스바이오,KSQ
373110,엑셀세라퓨틱스,KSQ
205100,엑셈,KSQ
356680,엑스게이트,KSQ
317770,엑스페릭스,KSQ
373200,엑스플러스,KSQ
069920,엑시온그룹,KSQ
092870,엑시콘,KSQ
019490,엑시큐어하이트론,STK
059180,엔더블유시,KNX
317870,엔바이오니아,KSQ
067570,엔브이에이치코리아,KSQ
0004V0,엔비알모션,KSQ
236810,엔비티,KSQ
140610,엔솔바이오사이언스,KNX
333620,엔시스,KSQ
101400,엔시트론,KSQ
475230,엔알비,KSQ
224760,엔에스컴퍼니,KNX
481890,엔에이치스팩31호,KSQ
0054V0,엔에이치스팩32호,KSQ
0130H0,엔에이치스팩33호,KSQ
265740,엔에프씨,KSQ
354200,엔젠바이오,KSQ
455900,엔젤로보틱스,KSQ
419080,엔젯,KSQ
093510,엔지브이아이,KNX
183490,엔지켐생명과학,KSQ
085310,엔케이,STK
182400,엔케이젠바이오텍코리아,KSQ
348370,엔켐,KSQ
069410,엔텔스,KSQ
227950,엔투텍,KSQ
048830,엔피케이,KSQ
096870,엘디티,KSQ
276240,엘리비젼,KNX
900140,엘브이엠씨홀딩스,STK
290650,엘앤씨바이오,KSQ
066970,엘앤에프,STK
156100,엘앤케이바이오,KSQ
0041J0,엘에스스팩1호,KSQ
311060,엘에이티,KNX
073110,엘엠에스,KSQ
083310,엘오티베큠,KSQ
037950,엘컴텍,KSQ
489500,엘케이켐,KSQ
170920,엘티씨,KSQ
058630,엠게임,KSQ
226590,엠디바이스,KSQ
058970,엠로,KSQ
169330,엠브레인,KSQ
097520,엠씨넥스,STK
373170,엠아이큐브솔루션,KSQ
179290,엠아이텍,KSQ
484870,엠앤씨솔루션,STK
009780,엠에스씨,KSQ
123040,엠에스오토텍,KSQ
432980,엠에프씨,KSQ
007820,엠엑스로보틱스,KSQ
347890,엠엑스온,KSQ
413390,엠오티,KSQ
032790,엠젠솔루션,KSQ
033160,엠케이전자,KSQ
033310,엠투엔,KSQ
259630,엠플러스,KSQ
105550,엣지파운드리,KSQ
060850,영림원소프트랩,KSQ
014440,영보화학,STK
143540,영우디에스피,KSQ
111770,영원무역,STK
009970,영원무역홀딩스,STK
003520,영진약품,STK
000670,영풍,STK
012280,영화금속,STK
265560,영화테크,KSQ
012160,영흥,STK
036000,예림당,KSQ
250930,예선테크,KSQ
053280,예스24,KSQ
122640,예스티,KSQ
476040,오가노이드사이언스,KSQ
900300,오가닉티코스메틱,KSQ
212310,오건에코텍,KNX
045060,오공,KSQ
192410,오늘이엔엠,KSQ
080520,오디텍,KSQ
007310,오뚜기,STK
039830,오로라,KSQ
322310,오로스테크놀로지,KSQ
046120,오르비텍,KSQ
475830,오름테라퓨틱,KSQ
014940,오리엔탈정공,KSQ
002630,오리엔트바이오,STK
065500,오리엔트정공,KSQ
271560,오리온,STK
001800,오리온홀딩스,STK
010470,오리콤,KSQ
417860,오브젠,KSQ
352910,오비고,KSQ
053980,오상자이엘,KSQ
036220,오상헬스케어,KSQ
052420,오성첨단소재,KSQ
332190,오션스바이오,KNX
052300,오션인더블유,KSQ
039200,오스코텍,KSQ
226400,오스테오닉,KSQ
031510,오스템,KSQ
342870,오아,KSQ
368970,오에스피,KSQ
138080,오이솔루션,KSQ
080580,오킨스전자,KSQ
067170,오텍,KSQ
353590,오토앤,KSQ
173130,오파스넷,KSQ
440320,오픈놀,KSQ
049480,오픈베이스,KSQ
394280,오픈엣지테크놀로지,KSQ
476060,온코닉테라퓨틱스,KSQ
382150,온코크로스,KSQ
005320,온타이드,STK
244460,올리패스,KSQ
226950,올릭스,KSQ
057540,옴니시스템,KSQ
131030,옵투스제약,KSQ
082210,옵트론텍,KSQ
109080,옵티시스,KSQ
380540,옵티코어,KSQ
153710,옵티팜,KSQ
432430,와이랩,KSQ
338840,와이바이오로직스,KSQ
122990,와이솔,KSQ
232140,와이씨,KSQ
112290,와이씨켐,KSQ
065530,와이어블,KSQ
067900,와이엔텍,KSQ
007530,와이엠,KSQ
155650,와이엠씨,KSQ
273640,와이엠텍,KSQ
251370,와이엠티,KSQ
209640,와이제이링크,KSQ
096250,와이즈넛,KSQ
273060,와이즈버즈,KSQ
019210,와이지-원,KSQ
122870,와이지엔터테인먼트,KSQ
011690,와이투솔루션,STK
079000,와토스코리아,KSQ
403490,우듬지팜,KSQ
316140,우리금융지주,STK
032820,우리기술,KSQ
041190,우리기술투자,KSQ
115440,우리넷,KSQ
046970,우리로,KSQ
082850,우리바이오,KSQ
215360,우리산업,KSQ
072470,우리산업홀딩스,KSQ
073560,우리손에프앤지,KSQ
037400,우리엔터프라이즈,KSQ
153490,우리이앤엘하루틴,KSQ
101170,우림피티에스,KSQ
006980,우성,STK
011300,우성머티리얼스,STK
017370,우신시스템,STK
103840,우양,KSQ
101970,우양에이치씨,KSQ
046940,우원개발,KSQ
065680,우주일렉트로,KSQ
105840,우진,STK
018620,우진비앤지,KSQ
010400,우진아이엔에스,STK
457550,우진엔텍,KSQ
049800,우진플라임,STK
016880,웅진,STK
095720,웅진씽크빅,STK
396470,워트,KSQ
005820,원림,STK
307280,원바이오젠,KSQ
032940,원익,KSQ
240810,원익IPS,KSQ
074600,원익QnC,KSQ
104830,원익머트리얼즈,KSQ
014190,원익큐브,KSQ
217820,원익피앤이,KSQ
030530,원익홀딩스,KSQ
012620,원일특강,KSQ
136150,원일티엔아이,KSQ
382840,원준,KSQ
336570,원텍,KSQ
376980,원티드랩,KSQ
122830,원포유,KNX
008370,원풍,KSQ
008290,원풍물산,KSQ
101160,월덱스,KSQ
336060,웨이버스,KSQ
095270,웨이브일렉트로,KSQ
289930,웨이비스,KSQ
065950,웰크론,KSQ
076080,웰크론한텍,KSQ
043590,웰킵스하이텍,KSQ
196700,웹스,KSQ
069080,웹젠,KSQ
053580,웹케시,KSQ
479960,위너스일렉,KSQ
044340,위닉스,KSQ
330350,위더스제약,KSQ
348350,위드텍,KSQ
112040,위메이드,KSQ
101730,위메이드맥스,KSQ
123420,위메이드플레이,KSQ
065370,위세아이텍,KSQ
140660,위월드,KNX
038620,위즈코프,KSQ
036090,위지트,KSQ
459100,위츠,KSQ
136540,윈스테크넷,KSQ
097800,윈팩,KSQ
192390,윈하이텍,KSQ
008600,윌비스,STK
335870,윙스풋,KSQ
900340,윙입푸드,KSQ
033270,유나이티드제약,STK
014830,유니드,STK
446070,유니드비티플러스,STK
036200,유니셈,KSQ
018000,유니슨,KSQ
000910,유니온,STK
047400,유니온머티리얼,STK
203450,유니온바이오메트릭스,KSQ
011330,유니켐,STK
077500,유니퀘스트,STK
011320,유니크,KSQ
086390,유니테스트,KSQ
241690,유니테크노,KSQ
142210,유니트론텍,KSQ
121060,유니포인트,KNX
389680,유디엠텍,KSQ
088340,유라클,KSQ
048430,유라테크,KSQ
206650,유바이오로직스,KSQ
089850,유비벨록스,KSQ
495810,유비씨,KNX
084440,유비온,KSQ
264450,유비쿼스,KSQ
078070,유비쿼스홀딩스,KSQ
002920,유성기업,STK
024800,유성티엔에스,KSQ
000700,유수홀딩스,STK
054930,유신,KSQ
069330,유아이디,KSQ
049520,유아이엘,KSQ
473050,유안타제15호스팩,KSQ
474490,유안타제16호스팩,KSQ
493790,유안타제17호스팩,KSQ
003470,유안타증권,STK
003475,유안타증권우,STK
263770,유에스티,KSQ
337840,유엑스엔,KNX
072130,유엔젤,STK
000220,유유제약,STK
000225,유유제약1우,STK
000227,유유제약2우B,STK
388720,유일로보틱스,KSQ
023410,유진기업,KSQ
056080,유진로봇,KSQ
468760,유진스팩10호,KSQ
488060,유진스팩11호,KSQ
0105P0,유진스팩12호,KSQ
084370,유진테크,KSQ
240600,유진테크놀로지,KSQ
001200,유진투자증권,STK
179900,유티아이,KSQ
263050,유틸렉스,KSQ
000100,유한양행,STK
000105,유한양행우,STK
003460,유화증권,STK
003465,유화증권우,STK
191410,육일씨엔에쓰,KSQ
372170,윤성에프앤씨,KSQ
146060,율촌,KSQ
008730,율촌화학,STK
008250,이건산업,STK
039020,이건홀딩스,KSQ
025820,이구산업,STK
067920,이글루,KSQ
044960,이글벳,KSQ
303530,이노뎁,KSQ
302430,이노메트리,KSQ
279060,이노벡스,KNX
214320,이노션,STK
462350,이노스페이스,KSQ
274400,이노시뮬레이션,KSQ
296640,이노에이엑스,KSQ
215790,이노인스트루먼트,KSQ
344860,이노진,KSQ
333050,이노테나,KSQ
469610,이노테크,KSQ
088390,이녹스,KSQ
272290,이녹스첨단소재,KSQ
053350,이니텍,KSQ
452400,이닉스,KSQ
264850,이랜시스,KSQ
054210,이랜텍,KSQ
009730,이렘,KSQ
065440,이루온,KSQ
088260,이리츠코크렙,STK
139480,이마트,STK
424870,이뮨온시아,KSQ
115610,이미지스,KSQ
478110,이베스트스팩6호,KSQ
131400,이브이첨단소재,KSQ
208850,이비테크,KNX
351330,이삭엔지니어링,KSQ
080010,이상네트웍스,KSQ
379390,이성씨엔아이,KNX
457190,이수스페셜티케미컬,STK
086890,이수앱지스,KSQ
007660,이수페타시스,STK
005950,이수화학,STK
015020,이스타코,STK
047560,이스트소프트,KSQ
239340,이스트에이드,KSQ
067010,이씨에스,KSQ
456070,이엔셀,KSQ
102710,이엔에프테크놀로지,KSQ
074610,이엔플러스,STK
041520,이엘씨,KSQ
063760,이엘피,KSQ
123570,이엠넷,KSQ
083470,이엠앤아이,KSQ
091120,이엠텍,KSQ
232530,이엠티,KNX
102460,이연제약,STK
039030,이오테크닉스,KSQ
294090,이오플로우,KSQ
088290,이원컴포텍,KSQ
084680,이월드,STK
353810,이지바이오,KSQ
261520,이지스,KSQ
350520,이지스레지던스리츠,STK
334890,이지스밸류플러스리츠,STK
099750,이지케어텍,KSQ
377330,이지트로닉스,KSQ
035810,이지홀딩스,KSQ
092130,이크레더블,KSQ
134060,이퓨쳐,KSQ
001840,이화공영,KSQ
000760,이화산업,STK
014990,인디에프,STK
041830,인바디,KSQ
352940,인바이오,KSQ
101140,인바이오젠,STK
216400,인바이츠바이오코아,KNX
079950,인베니아,KSQ
0007J0,인벤테라,KSQ
389470,인벤티지랩,KSQ
277410,인산가,KSQ
060150,인선이엔티,KSQ
033230,인성정보,KSQ
450520,인스웨이브,KSQ
465480,인스피언,KSQ
950260,인제니아테라퓨틱스(Reg.S),KSQ
037330,인지디스플레,KSQ
100030,인지소프트,KSQ
023800,인지컨트롤스,STK
034590,인천도시가스,STK
211050,인카금융서비스,KSQ
083640,인콘,KSQ
064090,인크레더블버즈,KSQ
216050,인크로스,KSQ
049070,인탑스,KSQ
311960,인터로이드,KNX
119610,인터로조,KSQ
017250,인터엠,KSQ
129260,인터지스,STK
051370,인터플렉스,KSQ
064290,인텍플러스,KSQ
189300,인텔리안테크,KSQ
287840,인투셀,KSQ
048530,인트론바이오,KSQ
070590,인티큐브,KSQ
023810,인팩,STK
115310,인포바인,KSQ
039290,인포뱅크,KSQ
071200,인피니트헬스케어,KSQ
101930,인화정공,KSQ
249420,일동제약,STK
000230,일동홀딩스,STK
013360,일성건설,STK
003120,일성아이에스,STK
333430,일승,KSQ
068330,일신바이오,KSQ
003200,일신방직,STK
007110,일신석재,STK
007570,일양약품,STK
007575,일양약품우,STK
178780,일월지엠엘,KSQ
019540,일지테크,KSQ
081000,일진다이아,STK
020760,일진디스플,STK
103590,일진전기,STK
094820,일진파워,KSQ
271940,일진하이솔루스,STK
015860,일진홀딩스,STK
226320,잇츠한불,STK
950140,잉글우드랩,KSQ
049550,잉크테크,KSQ
389020,자람테크놀로지,KSQ
254120,자비스,KSQ
043910,자연과환경,KSQ
234920,자이글,KSQ
289220,자이언트스텝,KSQ
317400,자이에스앤디,STK
033240,자화전자,STK
049630,재영솔루텍,KSQ
417840,저스템,KSQ
000950,전방,STK
079900,전진건설로봇,STK
110020,전진바이오팜,KSQ
208140,정다운,KSQ
040420,정상제이엘에스,KSQ
045510,정원엔시스,KSQ
217190,제너셈,KSQ
095700,제넥신,KSQ
122310,제노레이,KSQ
361390,제노코,KSQ
066830,제노텍,KNX
225220,제놀루션,KSQ
123330,제닉,KSQ
381620,제닉스로보틱스,KSQ
159580,제로투세븐,KSQ
147830,제룡산업,KSQ
033100,제룡전기,KSQ
079370,제우스,KSQ
054950,제이브이엠,KSQ
090470,제이스로보틱스,KSQ
023440,제이스코홀딩스,KSQ
137950,제이씨케미칼,KSQ
033320,제이씨현시스템,KSQ
417500,제이아이테크,KSQ
348950,제이알글로벌리츠,STK
204270,제이앤티씨,KSQ
127120,제이에스링크,KSQ
194370,제이에스코퍼레이션,STK
026040,제이에스티나,KSQ
452160,제이엔비,KSQ
126880,제이엔케이글로벌,KSQ
322510,제이엘케이,KSQ
254160,제이엠멀티,KNX
033050,제이엠아이,KSQ
094970,제이엠티,KSQ
418550,제이오,KSQ
060230,제이케이시냅스,KSQ
420570,제이투케이바이오,KSQ
089790,제이티,KSQ
0010V0,제이피아이헬스케어,KSQ
030000,제일기획,STK
271980,제일약품,STK
412540,제일엠앤에스,KSQ
001560,제일연마,STK
199820,제일일렉트릭,KSQ
038010,제일테크노스,KSQ
002620,제일파마홀딩스,STK
080220,제주반도체,KSQ
006220,제주은행,STK
089590,제주항공,STK
216080,제테마,KSQ
337930,젝시믹스,KSQ
229000,젠큐릭스,KSQ
082270,젬백스,KSQ
153890,져스텍,KSQ
004910,조광페인트,STK
004700,조광피혁,STK
001550,조비,STK
462520,조선내화,STK
120030,조선선재,STK
034940,조아제약,KSQ
067000,조이시티,KSQ
309930,조이웍스앤코,KSQ
018470,조일알미늄,STK
002600,조흥,STK
018700,졸스,KSQ
185750,종근당,STK
063160,종근당바이오,STK
001630,종근당홀딩스,STK
033340,좋은사람들,KSQ
036930,주성엔지니어링,KSQ
109070,주성코퍼레이션,STK
044380,주연테크,STK
072020,중앙백신,KSQ
000440,중앙에너비스,KSQ
051980,중앙첨단소재,KSQ
221800,지구홀딩스,KSQ
228760,지노믹트리,KSQ
314130,지놈앤컴퍼니,KSQ
013890,지누스,STK
389030,지니너스,KSQ
263860,지니언스,KSQ
303030,지니틱스,KSQ
208350,지란지교시큐리티,KSQ
446840,지슨,KSQ
144510,지씨셀,KSQ
340450,지씨지놈,KSQ
306620,지아이에스,KSQ
358570,지아이이노베이션,KSQ
382480,지아이텍,KSQ
382800,지앤비에스 에코,KSQ
299480,지앤이헬스케어,KNX
051160,지어소프트,KSQ
053050,지에스이,KSQ
076340,지에이이노더스,KNX
388610,지에프씨생명과학,KSQ
493330,지에프아이,KSQ
119850,지엔씨에너지,KSQ
065060,지엔코,KSQ
204840,지엘팜텍,KSQ
013870,지엠비코리아,STK
071320,지역난방공사,STK
311320,지오엘리먼트,KSQ
456160,지투지바이오,KSQ
388050,지투파워,KSQ
088790,진도,STK
018120,진로발효,KSQ
109820,진매트릭스,KSQ
086060,진바이오텍,KSQ
036890,진성티이씨,KSQ
363250,진시스템,KSQ
003780,진양산업,STK
007370,진양제약,KSQ
010640,진양폴리,STK
100250,진양홀딩스,STK
051630,진양화학,STK
272450,진에어,STK
285800,진영,KSQ
011000,진원생명과학,STK
250030,진코스텍,KNX
002780,진흥기업,STK
002787,진흥기업2우B,STK
002785,진흥기업우B,STK
233990,질경이,KNX
025620,차AI헬스케어,STK
085660,차바이오텍,KSQ
351870,차이커뮤니케이션,KSQ
009310,참엔지니어링,STK
094850,참좋은여행,KSQ
004650,창해에탄올,KSQ
0011T0,채비,KSQ
278280,천보,KSQ
000650,천일고속,STK
362320,청담글로벌,KSQ
013720,청보,KSQ
066360,체리부로,KSQ
033250,체시스,STK
047820,초록뱀미디어,KSQ
291650,츌립앤사이언스,KSQ
094360,칩스앤미디어,KSQ
0082N0,카나프테라퓨틱스,KSQ
016920,카스,KSQ
284620,카이노스메드,KSQ
035720,카카오,STK
293490,카카오게임즈,KSQ
323410,카카오뱅크,STK
377300,카카오페이,STK
140430,카티스,KSQ
042000,카페24,KSQ
006380,카프로,STK
313760,캐리,KSQ
071850,캐스텍코리아,KSQ
198080,캐프,KSQ
210120,캔버스엔,KSQ
050110,캠시스,KSQ
452300,캡스톤파트너스,KSQ
451760,컨텍,KSQ
900310,컬러레이,KSQ
078340,컴투스,KSQ
291230,컴투스엔,KSQ
063080,컴투스홀딩스,KSQ
307930,컴퍼니케이,KSQ
079190,케스피온,KSQ
263700,케어랩스,KSQ
214370,케어젠,KSQ
221980,케이디켐,KSQ
038530,케이바이오랩스,KSQ
279570,케이뱅크,STK
001620,케이비아이동국실업,STK
192250,케이사인,KSQ
431190,케이쓰리아이,KSQ
029460,케이씨,STK
115500,케이씨에스,KSQ
281820,케이씨텍,STK
089150,케이씨티,KSQ
025880,케이씨피드,KSQ
093320,케이아이엔엑스,KSQ
093640,케이알엠,KSQ
487400,케이앤에스아이앤씨,KSQ
073010,케이에스피,KSQ
105330,케이엔더블유,KSQ
053080,케이엔솔,KSQ
199430,케이엔알시스템,KSQ
432470,케이엔에스,KSQ
272110,케이엔제이,KSQ
039420,케이엘넷,KSQ
083550,케이엠,KSQ
032500,케이엠더블유,KSQ
225430,케이엠제약,KSQ
102370,케이옥션,KSQ
068100,케이웨더,KSQ
106080,케이이엠텍,KSQ
455180,케이지에이,KSQ
381970,케이카,STK
145270,케이탑리츠,STK
036030,케이티알파,KSQ
064820,케이프,KSQ
024880,케이피에프,KSQ
042040,케이피엠테크,KSQ
054410,케이피티유,KSQ
288180,케이피항공산업,KSQ
258610,케일럼,KSQ
274090,켄코아에어로스페이스,KSQ
402420,켈스,KNX
089010,켐트로닉스,KSQ
220260,켐트로스,KSQ
176590,코나솔,KNX
052400,코나아이,KSQ
402030,코난테크놀로지,KSQ
391710,코닉오토메이션,KSQ
046070,코다코,KSQ
047770,코데즈컴바인,KSQ
080530,코디,KSQ
417310,코람코더원리츠,STK
357120,코람코라이프인프라리츠,STK
104540,코렌텍,KSQ
027050,코리아나,KSQ
007815,코리아써우,STK
007810,코리아써키트,STK
00781K,코리아써키트2우B,STK
190650,코리아에셋투자증권,KSQ
123410,코리아에프티,KSQ
003690,코리안리,STK
036690,코맥스,KSQ
049430,코메론,KSQ
183300,코미코,KSQ
041960,코미팜,KSQ
089890,코세스,KSQ
360350,코셈,KSQ
189350,코셋,KNX
082660,코스나인,KSQ
043710,코스리거글로벌,KSQ
192820,코스맥스,STK
044820,코스맥스비티아이,STK
222040,코스맥스엔비티,KSQ
241710,코스메카코리아,KSQ
439960,코스모로보틱스,KSQ
005070,코스모신소재,STK
005420,코스모화학,STK
355150,코스텍시스,KSQ
169670,코스텍시스템,KNX
071950,코아스,STK
166480,코아스템켐온,KSQ
045970,코아시아,KSQ
196450,코아시아씨엠,KSQ
384470,코어라인소프트,KSQ
002020,코오롱,STK
003070,코오롱글로벌,STK
003075,코오롱글로벌우,STK
102940,코오롱생명과학,KSQ
002025,코오롱우,STK
120110,코오롱인더,STK
120115,코오롱인더우,STK
950160,코오롱티슈진,KSQ
021240,코웨이,STK
056360,코위버,KSQ
282880,코윈테크,KSQ
121850,코이즈,KSQ
448710,코츠테크놀로지,KSQ
126730,코칩,KSQ
015710,코콤,KSQ
052330,코텍,KSQ
322780,코퍼스코리아,KSQ
036420,콘텐트리중앙,STK
215380,콜마바이오텍,KSQ
200130,콜마비앤에이치,KSQ
024720,콜마홀딩스,STK
294570,쿠콘,KSQ
192400,쿠쿠홀딩스,STK
284740,쿠쿠홈시스,STK
464490,쿼드메디슨,KSQ
317690,퀀타매트릭스,KSQ
070300,퀀텀레일,KSQ
432720,퀄리타스반도체,KSQ
456190,큐라켐,KNX
365270,큐라클,KSQ
348080,큐라티스,KSQ
060280,큐렉소,KSQ
372320,큐로셀,KSQ
051780,큐로홀딩스,KSQ
115180,큐리언트,KSQ
494120,큐리오시스,KSQ
445680,큐리옥스바이오시스템즈,KSQ
182360,큐브엔터,KSQ
405100,큐알티,KSQ
066310,큐에스아이,KSQ
377460,큐에이드,KSQ
136660,큐엠씨,KNX
016600,큐캐피탈,KSQ
355390,크라우드웍스,KSQ
264900,크라운제과,STK
26490K,크라운제과우,STK
005740,크라운해태홀딩스,STK
005745,크라운해태홀딩스우,STK
259960,크래프톤,STK
096240,크레버스,KSQ
040350,크레오에스지,KSQ
215570,크로넥스,KNX
110790,크리스에프앤씨,KSQ
900250,크리스탈신소재,KSQ
045520,크린앤사이언스,KSQ
214150,클래시스,KSQ
466100,클로봇,KSQ
237880,클리오,KSQ
139670,키네마스터,KSQ
020120,키다리스튜디오,STK
475430,키스트론,KSQ
487720,키움제10호스팩,KSQ
489480,키움제11호스팩,KSQ
039490,키움증권,STK
466690,키움히어로제1호스팩,KSQ
0131D0,키움히어로제2호스팩,KSQ
054780,키이스트,KSQ
256940,킵스파마,KSQ
336040,타스컴,KNX
219130,타이거일렉,KSQ
346010,타이드,KNX
318660,타임기술,KNX
476710,타조이엔터테인먼트,KNX
434190,탈로스,KNX
336680,탑런토탈솔루션,KSQ
360070,탑머티리얼,KSQ
180060,탑선,KNX
065130,탑엔지니어링,KSQ
134580,탑코미디어,KSQ
014580,태경비케이,STK
015890,태경산업,STK
006890,태경케미컬,STK
023160,태광,KSQ
003240,태광산업,STK
011280,태림포장,STK
323280,태성,KSQ
053620,태양,KSQ
052960,태양3C,KNX
004100,태양금속,STK
004105,태양금속우,STK
116100,태양기계,KNX
009410,태영건설,STK
009415,태영건설우,STK
044490,태웅,KSQ
124560,태웅로직스,KSQ
001420,태원물산,STK
191420,테고사이언스,KSQ
950250,테라뷰,KSQ
073640,테라사이언스,KSQ
066700,테라젠이텍스,KSQ
095610,테스,KSQ
055490,테이팩스,STK
064520,테크엘,KSQ
089030,테크윙,KSQ
258050,테크트랜스,KNX
054450,텔레칩스,KSQ
078000,텔코웨어,STK
200230,텔콘RF제약,KSQ
214420,토니모리,STK
393210,토마토시스템,KSQ
475960,토모큐브,KSQ
215480,토박스코리아,KSQ
051360,토비스,KSQ
045340,토탈소프트,KSQ
108230,톱텍,KSQ
079970,투비소프트,KSQ
199800,툴젠,KSQ
417790,트루엔,KSQ
091810,트리니티항공,STK
290090,트윔,KSQ
026150,특수건설,KSQ
464280,티디에스팜,KSQ
117730,티로보틱스,KSQ
033830,티비씨,KSQ
057680,티사이언티픽,KSQ
204610,티쓰리,KSQ
125020,티씨머티리얼즈,KSQ
064760,티씨케이,KSQ
246710,티앤알바이오팹,KSQ
340570,티앤엘,KSQ
043220,티에스넥스젠,KSQ
277880,티에스아이,KSQ
131290,티에스이,KSQ
019180,티에이치엔,STK
425420,티에프이,KSQ
484810,티엑스알로보틱스,KSQ
131100,티엔엔터테인먼트,KSQ
356860,티엘비,KSQ
413300,티엘엔지니어링,KNX
217590,티엠씨,STK
363280,티와이홀딩스,STK
36328K,티와이홀딩스우,STK
321550,티움바이오,KSQ
004870,티웨이홀딩스,STK
425040,티이엠씨,KSQ
241790,티이엠씨씨엔에스,KSQ
022220,티케이지애강,KSQ
104480,티케이케미칼,KSQ
081150,티플랙스,KSQ
130740,티피씨글로벌,KSQ
217880,틸론,KNX
084730,팅크웨어,KSQ
440110,파두,KSQ
034230,파라다이스,STK
290560,파라택시스이더리움,KSQ
288330,파라택시스코리아,KSQ
033540,파라텍,KSQ
388870,파로스아이바이오,KSQ
043200,파루,KSQ
214450,파마리서치,KSQ
217950,파마리서치바이오,KNX
005690,파미셀,STK
177830,파버나인,KSQ
037070,파세코,KSQ
150900,파수AI,KSQ
037030,파워넷,KSQ
047310,파워로직스,KSQ
368770,파이버프로,KSQ
170790,파이오링크,KSQ
900100,파이온엑스,KSQ
049120,파인디앤씨,KSQ
038950,파인디지털,KSQ
387570,파인메딕스,KSQ
441270,파인엠텍,KSQ
106240,파인테크닉스,KSQ
131760,파인텍,KSQ
065690,파커스,KSQ
140860,파크시스템스,KSQ
091700,파트론,KSQ
202960,판도라티비,KNX
032800,판타지오,KSQ
318010,팜스빌,KSQ
036580,팜스코,STK
027710,팜스토리,KSQ
004720,팜젠사이언스,STK
266350,팡스카이,KNX
225590,패션플랫폼,KSQ
054300,팬스타엔터프라이즈,KSQ
068050,팬엔터테인먼트,KSQ
028670,팬오션,STK
222110,팬젠,KSQ
271830,팸텍,KSQ
010820,퍼스텍,STK
016800,퍼시스,STK
263750,펄어비스,KSQ
251970,펌텍코리아,KSQ
187660,페니트리움바이오,KSQ
0015S0,페스카로,KSQ
001020,페이퍼코리아,STK
168360,펨트론,KSQ
087010,펩트론,KSQ
090080,평화산업,STK
010770,평화홀딩스,STK
064800,포니링크,KSQ
119500,포메탈,KSQ
389140,포바이포,KSQ
105760,포스뱅크,KSQ
022100,포스코DX,STK
058430,포스코스틸리온,STK
009520,포스코엠텍,KSQ
047050,포스코인터내셔널,STK
003670,포스코퓨처엠,STK
189690,포시에스,KSQ
318020,포인트모바일,KSQ
256630,포인트엔지니어링,KSQ
331380,포커스에이아이,KSQ
208710,포톤,KSQ
472850,폰드그룹,KSQ
039980,폴라리스AI,KSQ
041910,폴라리스AI파마,KSQ
220180,폴라리스AI핸디,KSQ
234100,폴라리스세원,KSQ
041020,폴라리스오피스,KSQ
114630,폴라리스우노,KSQ
487580,폴레드,KSQ
290720,푸드나무,KSQ
005670,푸드웰,KSQ
094940,푸른로보틱스,KSQ
007330,푸른저축은행,KSQ
017810,풀무원,STK
093380,풍강,KSQ
023900,풍국주정,KSQ
103140,풍산,STK
005810,풍산홀딩스,STK
371950,풍원정밀,KSQ
298060,풍전약품,KSQ
370090,퓨런티어,KSQ
445180,퓨릿,KSQ
341170,퓨쳐메디신,KNX
220100,퓨쳐켐,KSQ
035200,프럼파스트,KSQ
334970,프레스티지바이오로직스,KSQ
950210,프레스티지바이오파마,STK
321260,프로이천,KSQ
296160,프로젠,KNX
053610,프로텍,KSQ
468530,프로티나,KSQ
303360,프로티아,KSQ
377220,프롬바이오,KSQ
335810,프리시젼바이오,KSQ
053160,프리엠스,KSQ
006490,프리티,STK
405000,플라즈맵,KSQ
041590,플래스크,KSQ
367000,플래티어,KSQ
075130,플랜티넷,KSQ
222670,플럼라인생명과학,KNX
237820,플레이디,KSQ
023770,플레이위드,KSQ
300080,플리토,KSQ
033790,피노,KSQ
032580,피델릭스,KSQ
0117P0,피스피스스튜디오,KSQ
051380,피씨디렉트,KSQ
241820,피씨엘,KSQ
452450,피아이이,KSQ
237750,피앤씨테크,KSQ
460940,피앤에스로보틱스,KSQ
319660,피에스케이,KSQ
031980,피에스케이홀딩스,KSQ
002230,피에스텍,KSQ
043370,피에이치에이,KSQ
239890,피엔에이치테크,KSQ
347740,피엔케이피부임상연구센타,KSQ
137400,피엔티,KSQ
257370,피엔티엠에스,KSQ
147760,피엠티,KSQ
128660,피제이메탈,KSQ
006140,피제이전자,KSQ
376180,피코그램,KSQ
304840,피플바이오,KSQ
087600,픽셀플러스,KSQ
291810,핀텔,KSQ
378340,필에너지,KSQ
161580,필옵틱스,KSQ
347770,핌스,KSQ
163730,핑거,KSQ
417180,핑거스토리,KSQ
469900,하나31호스팩,KSQ
475240,하나32호스팩,KSQ
475250,하나33호스팩,KSQ
484130,하나34호스팩,KSQ
0041L0,하나35호스팩,KSQ
0101C0,하나36호스팩,KSQ
086790,하나금융지주,STK
299030,하나기술,KSQ
067310,하나마이크론,KSQ
166090,하나머티리얼즈,KSQ
293480,하나제약,STK
039130,하나투어,STK
136480,하림,KSQ
003380,하림지주,KSQ
450330,하스,KSQ
101670,하이드로리튬,KSQ
365590,하이딥,KSQ
149980,하이로닉,KSQ
013030,하이록코리아,KSQ
352820,하이브,STK
126700,하이비젼시스템,KSQ
071090,하이스틸,STK
160190,하이젠알앤엠,KSQ
221840,하이즈항공,KSQ
106190,하이텍팜,KSQ
000080,하이트진로,STK
000087,하이트진로2우B,STK
000140,하이트진로홀딩스,STK
000145,하이트진로홀딩스우,STK
065650,하이퍼코퍼레이션,KSQ
066130,하츠,KSQ
004590,한국가구,KSQ
036460,한국가스공사,STK
039340,한국경제TV,KSQ
005430,한국공항,STK
071050,한국금융지주,STK
071055,한국금융지주우,STK
034950,한국기업평가,KSQ
010040,한국내화,STK
025540,한국단자,STK
222980,한국맥널티,KSQ
010100,한국무브넥스,STK
331660,한국미라클피플사,KNX
256840,한국비엔씨,KSQ
219750,한국비티비,KSQ
004090,한국석유,STK
025550,한국선재,KSQ
002200,한국수출포장,STK
002960,한국쉘석유,STK
017890,한국알콜,KSQ
000240,한국앤컴퍼니,STK
080720,한국유니온제약,KSQ
123890,한국자산신탁,STK
015760,한국전력,STK
041460,한국전자인증,KSQ
006200,한국전자홀딩스,STK
101680,한국정밀기계,KSQ
039740,한국정보공학,KSQ
053300,한국정보인증,KSQ
025770,한국정보통신,KSQ
479880,한국제15호스팩,KSQ
0164H0,한국제16호스팩,KSQ
027970,한국제지,STK
023350,한국종합기술,STK
025890,한국주강,STK
000970,한국주철관,STK
104700,한국철강,STK
062970,한국첨단소재,KSQ
017960,한국카본,STK
023760,한국캐피탈,KSQ
054040,한국컴퓨터,KSQ
161890,한국콜마,STK
021650,한국큐빅,KSQ
161390,한국타이어앤테크놀로지,STK
034830,한국토지신탁,STK
007280,한국특강,STK
032300,한국파마,KSQ
037230,한국팩키지,KSQ
448900,한국피아이엠,KSQ
047810,한국항공우주,STK
123690,한국화장품,STK
003350,한국화장품제조,STK
052600,한네트,KSQ
011500,한농화성,STK
002390,한독,STK
256150,한독크린텍,KSQ
092460,한라IMS,KSQ
125490,한라캐스트,KSQ
053690,한미글로벌,STK
042700,한미반도체,STK
008930,한미사이언스,STK
128940,한미약품,STK
452190,한빛레이저,KSQ
047080,한빛소프트,KSQ
009240,한샘,STK
452280,한선엔지니어링,KSQ
020000,한섬,STK
003680,한성기업,STK
066980,한성크린텍,KSQ
105630,한세실업,STK
069640,한세엠케이,STK
016450,한세예스24홀딩스,STK
009180,한솔로지스틱스,STK
114810,한솔아이원스,KSQ
213500,한솔제지,STK
014680,한솔케미칼,STK
004710,한솔테크닉스,STK
004150,한솔홀딩스,STK
025750,한솔홈데코,STK
042520,한스바이오메드,KSQ
004960,한신공영,STK
011700,한신기계,STK
430690,한싹,KSQ
078350,한양디지텍,KSQ
045100,한양이엔지,KSQ
001750,한양증권,STK
001755,한양증권우,STK
018880,한온시스템,STK
009420,한올바이오파마,STK
320000,한울반도체,KSQ
091440,한울소재과학,KSQ
276730,한울앤제주,KSQ
014130,한익스프레스,STK
024740,한일단조,KSQ
005860,한일사료,KSQ
300720,한일시멘트,STK
002220,한일철강,STK
003300,한일홀딩스,STK
007770,한일화학,KSQ
051600,한전KPS,STK
052690,한전기술,STK
130660,한전산업,STK
198940,한주라이트메탈,KSQ
058450,한주에이알티,KSQ
107640,한중엔시에스,KSQ
002320,한진,STK
003480,한진중공업홀딩스,STK
180640,한진칼,STK
18064K,한진칼우,STK
005110,한창,STK
079170,한창산업,KSQ
009460,한창제지,STK
030520,한컴,KSQ
372910,한컴라이프케어,STK
054920,한컴위드,KSQ
457370,한켐,KSQ
002680,한탑,KSQ
098070,한텍,KSQ
408470,한패스,KSQ
000880,한화,STK
00088K,한화3우B,STK
452260,한화갤러리아,STK
45226K,한화갤러리아우,STK
451800,한화리츠,STK
0220W0,한화머시너리앤서비스홀딩스,STK
0220WL,한화머시너리앤서비스홀딩스3우B,STK
489790,한화비전,STK
088350,한화생명,STK
000370,한화손해보험,STK
009830,한화솔루션,STK
009835,한화솔루션우,STK
272210,한화시스템,STK
012450,한화에어로스페이스,STK
082740,한화엔진,STK
042660,한화오션,STK
003530,한화투자증권,STK
003535,한화투자증권우,STK
498390,한화플러스제5호스팩,KSQ
195870,해성디에스,STK
034810,해성산업,KSQ
03481K,해성산업1우,KSQ
059270,해성에어로보틱스,KSQ
076610,해성옵틱스,KSQ
0155E0,해치텍,KSQ
101530,해태제과식품,STK
143210,핸즈코퍼레이션,STK
900270,헝셩그룹,KSQ
214180,헥토이노베이션,KSQ
234340,헥토파이낸셜,KSQ
084990,헬릭스미스,KSQ
000720,현대건설,STK
000725,현대건설우,STK
170030,현대공업,KSQ
453340,현대그린푸드,STK
086280,현대글로비스,STK
064350,현대로템,STK
079430,현대리바트,STK
012330,현대모비스,STK
319400,현대무벡스,KSQ
048410,현대바이오,KSQ
052260,현대바이오랜드,KSQ
069960,현대백화점,STK
004560,현대비앤지스틸,STK
016790,현대사료,KSQ
004310,현대약품,STK
041440,현대에버다임,KSQ
039010,현대에이치티,KSQ
017800,현대엘리베이터,STK
307950,현대오토에버,STK
011210,현대위아,STK
090850,현대이지웰,KSQ
004020,현대제철,STK
005440,현대지에프홀딩스,STK
005380,현대차,STK
005387,현대차2우B,STK
005389,현대차3우B,STK
005385,현대차우,STK
001500,현대차증권,STK
011760,현대코퍼레이션,STK
227840,현대코퍼레이션홀딩스,STK
126560,현대퓨처넷,STK
001450,현대해상,STK
460930,현대힘스,KSQ
092300,현우산업,KSQ
011080,형지I&C,KSQ
308100,형지글로벌,KSQ
093240,형지엘리트,STK
003010,혜인,STK
111110,호전실업,STK
008770,호텔신라,STK
008775,호텔신라우,STK
064240,홈캐스트,KSQ
039610,화성밸브,KSQ
378850,화승알앤에이,STK
241590,화승엔터프라이즈,STK
006060,화승인더,STK
013520,화승코퍼레이션,STK
010690,화신,STK
126640,화신정공,KSQ
133820,화인베스틸,STK
127980,화인써키트,KSQ
061250,화일약품,KSQ
010660,화천기계,STK
000850,화천기공,STK
016580,환인제약,STK
032560,황금에스티,STK
004800,효성,STK
094280,효성ITX,STK
097870,효성오앤비,KSQ
298040,효성중공업,STK
298020,효성티앤씨,STK
298000,효성화학,STK
093370,후성,STK
290270,휴네시온,KSQ
005870,휴니드,STK
353190,휴럼,KSQ
090710,휴림로봇,KSQ
078590,휴림에이텍,KSQ
205470,휴마시스,KSQ
115160,휴맥스,KSQ
028080,휴맥스홀딩스,KSQ
200670,휴메딕스,KSQ
079980,휴비스,STK
065510,휴비츠,KSQ
005010,휴스틸,STK
263920,휴엠앤씨,KSQ
243070,휴온스,KSQ
084110,휴온스글로벌,KSQ
145020,휴젤,KSQ
024060,흥구석유,KSQ
010240,흥국,KSQ
189980,흥국에프엔비,KSQ
000540,흥국화재,STK
000545,흥국화재우,STK
003280,흥아해운,STK
037440,희림,KSQ
238490,힘스,KSQ
